id,turn_count,file_name
multi_turn_base_3,2,BFCL_v3_multi_turn_base.json
multi_turn_base_13,2,BFCL_v3_multi_turn_base.json
multi_turn_base_11,2,BFCL_v3_multi_turn_base.json
multi_turn_base_19,3,BFCL_v3_multi_turn_base.json
multi_turn_base_17,3,BFCL_v3_multi_turn_base.json
multi_turn_base_18,3,BFCL_v3_multi_turn_base.json
multi_turn_base_9,3,BFCL_v3_multi_turn_base.json
multi_turn_base_4,3,BFCL_v3_multi_turn_base.json
multi_turn_base_7,3,BFCL_v3_multi_turn_base.json
multi_turn_base_1,4,BFCL_v3_multi_turn_base.json
multi_turn_base_12,3,BFCL_v3_multi_turn_base.json
multi_turn_base_16,3,BFCL_v3_multi_turn_base.json
multi_turn_base_0,4,BFCL_v3_multi_turn_base.json
multi_turn_base_5,4,BFCL_v3_multi_turn_base.json
multi_turn_base_10,5,BFCL_v3_multi_turn_base.json
multi_turn_base_6,5,BFCL_v3_multi_turn_base.json
multi_turn_base_14,4,BFCL_v3_multi_turn_base.json
multi_turn_base_8,4,BFCL_v3_multi_turn_base.json
multi_turn_base_2,5,BFCL_v3_multi_turn_base.json
multi_turn_base_15,5,BFCL_v3_multi_turn_base.json
multi_turn_base_31,2,BFCL_v3_multi_turn_base.json
multi_turn_base_34,2,BFCL_v3_multi_turn_base.json
multi_turn_base_20,2,BFCL_v3_multi_turn_base.json
multi_turn_base_30,2,BFCL_v3_multi_turn_base.json
multi_turn_base_26,3,BFCL_v3_multi_turn_base.json
multi_turn_base_29,3,BFCL_v3_multi_turn_base.json
multi_turn_base_38,2,BFCL_v3_multi_turn_base.json
multi_turn_base_28,3,BFCL_v3_multi_turn_base.json
multi_turn_base_23,3,BFCL_v3_multi_turn_base.json
multi_turn_base_35,3,BFCL_v3_multi_turn_base.json
multi_turn_base_37,3,BFCL_v3_multi_turn_base.json
multi_turn_base_24,4,BFCL_v3_multi_turn_base.json
multi_turn_base_32,2,BFCL_v3_multi_turn_base.json
multi_turn_base_39,4,BFCL_v3_multi_turn_base.json
multi_turn_base_21,3,BFCL_v3_multi_turn_base.json
multi_turn_base_25,4,BFCL_v3_multi_turn_base.json
multi_turn_base_36,3,BFCL_v3_multi_turn_base.json
multi_turn_base_27,3,BFCL_v3_multi_turn_base.json
multi_turn_base_22,4,BFCL_v3_multi_turn_base.json
multi_turn_base_33,5,BFCL_v3_multi_turn_base.json
multi_turn_base_46,1,BFCL_v3_multi_turn_base.json
multi_turn_base_41,2,BFCL_v3_multi_turn_base.json
multi_turn_base_50,1,BFCL_v3_multi_turn_base.json
multi_turn_base_45,2,BFCL_v3_multi_turn_base.json
multi_turn_base_42,3,BFCL_v3_multi_turn_base.json
multi_turn_base_56,3,BFCL_v3_multi_turn_base.json
multi_turn_base_48,3,BFCL_v3_multi_turn_base.json
multi_turn_base_47,3,BFCL_v3_multi_turn_base.json
multi_turn_base_44,3,BFCL_v3_multi_turn_base.json
multi_turn_base_53,4,BFCL_v3_multi_turn_base.json
multi_turn_base_54,3,BFCL_v3_multi_turn_base.json
multi_turn_base_49,4,BFCL_v3_multi_turn_base.json
multi_turn_base_57,2,BFCL_v3_multi_turn_base.json
multi_turn_base_52,4,BFCL_v3_multi_turn_base.json
multi_turn_base_43,4,BFCL_v3_multi_turn_base.json
multi_turn_base_40,4,BFCL_v3_multi_turn_base.json
multi_turn_base_51,4,BFCL_v3_multi_turn_base.json
multi_turn_base_58,4,BFCL_v3_multi_turn_base.json
multi_turn_base_55,5,BFCL_v3_multi_turn_base.json
multi_turn_base_59,5,BFCL_v3_multi_turn_base.json
multi_turn_base_64,2,BFCL_v3_multi_turn_base.json
multi_turn_base_78,2,BFCL_v3_multi_turn_base.json
multi_turn_base_70,2,BFCL_v3_multi_turn_base.json
multi_turn_base_74,2,BFCL_v3_multi_turn_base.json
multi_turn_base_76,2,BFCL_v3_multi_turn_base.json
multi_turn_base_69,2,BFCL_v3_multi_turn_base.json
multi_turn_base_65,2,BFCL_v3_multi_turn_base.json
multi_turn_base_63,3,BFCL_v3_multi_turn_base.json
multi_turn_base_75,4,BFCL_v3_multi_turn_base.json
multi_turn_base_77,3,BFCL_v3_multi_turn_base.json
multi_turn_base_79,3,BFCL_v3_multi_turn_base.json
multi_turn_base_67,4,BFCL_v3_multi_turn_base.json
multi_turn_base_62,4,BFCL_v3_multi_turn_base.json
multi_turn_base_66,4,BFCL_v3_multi_turn_base.json
multi_turn_base_61,4,BFCL_v3_multi_turn_base.json
multi_turn_base_73,3,BFCL_v3_multi_turn_base.json
multi_turn_base_72,5,BFCL_v3_multi_turn_base.json
multi_turn_base_60,5,BFCL_v3_multi_turn_base.json
multi_turn_base_68,5,BFCL_v3_multi_turn_base.json
multi_turn_base_71,5,BFCL_v3_multi_turn_base.json
multi_turn_base_85,2,BFCL_v3_multi_turn_base.json
multi_turn_base_91,2,BFCL_v3_multi_turn_base.json
multi_turn_base_84,2,BFCL_v3_multi_turn_base.json
multi_turn_base_83,3,BFCL_v3_multi_turn_base.json
multi_turn_base_82,3,BFCL_v3_multi_turn_base.json
multi_turn_base_96,2,BFCL_v3_multi_turn_base.json
multi_turn_base_93,3,BFCL_v3_multi_turn_base.json
multi_turn_base_98,3,BFCL_v3_multi_turn_base.json
multi_turn_base_89,4,BFCL_v3_multi_turn_base.json
multi_turn_base_86,3,BFCL_v3_multi_turn_base.json
multi_turn_base_88,3,BFCL_v3_multi_turn_base.json
multi_turn_base_81,4,BFCL_v3_multi_turn_base.json
multi_turn_base_90,4,BFCL_v3_multi_turn_base.json
multi_turn_base_99,4,BFCL_v3_multi_turn_base.json
multi_turn_base_87,4,BFCL_v3_multi_turn_base.json
multi_turn_base_80,5,BFCL_v3_multi_turn_base.json
multi_turn_base_92,5,BFCL_v3_multi_turn_base.json
multi_turn_base_95,5,BFCL_v3_multi_turn_base.json
multi_turn_base_94,3,BFCL_v3_multi_turn_base.json
multi_turn_base_97,6,BFCL_v3_multi_turn_base.json
multi_turn_base_105,2,BFCL_v3_multi_turn_base.json
multi_turn_base_113,2,BFCL_v3_multi_turn_base.json
multi_turn_base_100,2,BFCL_v3_multi_turn_base.json
multi_turn_base_104,2,BFCL_v3_multi_turn_base.json
multi_turn_base_101,4,BFCL_v3_multi_turn_base.json
multi_turn_base_111,4,BFCL_v3_multi_turn_base.json
multi_turn_base_106,4,BFCL_v3_multi_turn_base.json
multi_turn_base_119,4,BFCL_v3_multi_turn_base.json
multi_turn_base_115,4,BFCL_v3_multi_turn_base.json
multi_turn_base_118,5,BFCL_v3_multi_turn_base.json
multi_turn_base_108,5,BFCL_v3_multi_turn_base.json
multi_turn_base_107,5,BFCL_v3_multi_turn_base.json
multi_turn_base_112,5,BFCL_v3_multi_turn_base.json
multi_turn_base_103,5,BFCL_v3_multi_turn_base.json
multi_turn_base_116,6,BFCL_v3_multi_turn_base.json
multi_turn_base_117,6,BFCL_v3_multi_turn_base.json
multi_turn_base_114,5,BFCL_v3_multi_turn_base.json
multi_turn_base_102,6,BFCL_v3_multi_turn_base.json
multi_turn_base_110,6,BFCL_v3_multi_turn_base.json
multi_turn_base_109,7,BFCL_v3_multi_turn_base.json
multi_turn_base_133,2,BFCL_v3_multi_turn_base.json
multi_turn_base_132,3,BFCL_v3_multi_turn_base.json
multi_turn_base_139,2,BFCL_v3_multi_turn_base.json
multi_turn_base_134,3,BFCL_v3_multi_turn_base.json
multi_turn_base_121,4,BFCL_v3_multi_turn_base.json
multi_turn_base_126,4,BFCL_v3_multi_turn_base.json
multi_turn_base_123,4,BFCL_v3_multi_turn_base.json
multi_turn_base_135,4,BFCL_v3_multi_turn_base.json
multi_turn_base_127,4,BFCL_v3_multi_turn_base.json
multi_turn_base_136,4,BFCL_v3_multi_turn_base.json
multi_turn_base_128,4,BFCL_v3_multi_turn_base.json
multi_turn_base_137,4,BFCL_v3_multi_turn_base.json
multi_turn_base_124,4,BFCL_v3_multi_turn_base.json
multi_turn_base_122,5,BFCL_v3_multi_turn_base.json
multi_turn_base_129,5,BFCL_v3_multi_turn_base.json
multi_turn_base_130,6,BFCL_v3_multi_turn_base.json
multi_turn_base_125,5,BFCL_v3_multi_turn_base.json
multi_turn_base_138,5,BFCL_v3_multi_turn_base.json
multi_turn_base_131,7,BFCL_v3_multi_turn_base.json
multi_turn_base_120,4,BFCL_v3_multi_turn_base.json
multi_turn_base_155,2,BFCL_v3_multi_turn_base.json
multi_turn_base_150,2,BFCL_v3_multi_turn_base.json
multi_turn_base_144,3,BFCL_v3_multi_turn_base.json
multi_turn_base_151,3,BFCL_v3_multi_turn_base.json
multi_turn_base_159,3,BFCL_v3_multi_turn_base.json
multi_turn_base_146,4,BFCL_v3_multi_turn_base.json
multi_turn_base_158,3,BFCL_v3_multi_turn_base.json
multi_turn_base_157,3,BFCL_v3_multi_turn_base.json
multi_turn_base_152,3,BFCL_v3_multi_turn_base.json
multi_turn_base_142,5,BFCL_v3_multi_turn_base.json
multi_turn_base_147,2,BFCL_v3_multi_turn_base.json
multi_turn_base_143,4,BFCL_v3_multi_turn_base.json
multi_turn_base_149,5,BFCL_v3_multi_turn_base.json
multi_turn_base_141,5,BFCL_v3_multi_turn_base.json
multi_turn_base_154,5,BFCL_v3_multi_turn_base.json
multi_turn_base_140,4,BFCL_v3_multi_turn_base.json
multi_turn_base_156,5,BFCL_v3_multi_turn_base.json
multi_turn_base_145,5,BFCL_v3_multi_turn_base.json
multi_turn_base_148,5,BFCL_v3_multi_turn_base.json
multi_turn_base_153,5,BFCL_v3_multi_turn_base.json
multi_turn_base_177,2,BFCL_v3_multi_turn_base.json
multi_turn_base_176,2,BFCL_v3_multi_turn_base.json
multi_turn_base_169,2,BFCL_v3_multi_turn_base.json
multi_turn_base_161,3,BFCL_v3_multi_turn_base.json
multi_turn_base_175,2,BFCL_v3_multi_turn_base.json
multi_turn_base_163,2,BFCL_v3_multi_turn_base.json
multi_turn_base_171,3,BFCL_v3_multi_turn_base.json
multi_turn_base_160,3,BFCL_v3_multi_turn_base.json
multi_turn_base_179,4,BFCL_v3_multi_turn_base.json
multi_turn_base_173,4,BFCL_v3_multi_turn_base.json
multi_turn_base_172,4,BFCL_v3_multi_turn_base.json
multi_turn_base_165,5,BFCL_v3_multi_turn_base.json
multi_turn_base_167,5,BFCL_v3_multi_turn_base.json
multi_turn_base_166,5,BFCL_v3_multi_turn_base.json
multi_turn_base_164,4,BFCL_v3_multi_turn_base.json
multi_turn_base_162,6,BFCL_v3_multi_turn_base.json
multi_turn_base_174,5,BFCL_v3_multi_turn_base.json
multi_turn_base_168,5,BFCL_v3_multi_turn_base.json
multi_turn_base_170,6,BFCL_v3_multi_turn_base.json
multi_turn_base_178,5,BFCL_v3_multi_turn_base.json
multi_turn_base_182,2,BFCL_v3_multi_turn_base.json
multi_turn_base_198,1,BFCL_v3_multi_turn_base.json
multi_turn_base_197,3,BFCL_v3_multi_turn_base.json
multi_turn_base_185,3,BFCL_v3_multi_turn_base.json
multi_turn_base_189,3,BFCL_v3_multi_turn_base.json
multi_turn_base_195,4,BFCL_v3_multi_turn_base.json
multi_turn_base_199,5,BFCL_v3_multi_turn_base.json
multi_turn_base_192,5,BFCL_v3_multi_turn_base.json
multi_turn_base_191,5,BFCL_v3_multi_turn_base.json
multi_turn_base_187,4,BFCL_v3_multi_turn_base.json
multi_turn_base_193,4,BFCL_v3_multi_turn_base.json
multi_turn_base_194,6,BFCL_v3_multi_turn_base.json
multi_turn_base_196,5,BFCL_v3_multi_turn_base.json
multi_turn_base_184,6,BFCL_v3_multi_turn_base.json
multi_turn_base_186,6,BFCL_v3_multi_turn_base.json
multi_turn_base_183,6,BFCL_v3_multi_turn_base.json
multi_turn_base_180,6,BFCL_v3_multi_turn_base.json
multi_turn_base_188,6,BFCL_v3_multi_turn_base.json
multi_turn_base_181,5,BFCL_v3_multi_turn_base.json
multi_turn_base_190,5,BFCL_v3_multi_turn_base.json
multi_turn_long_context_11,2,BFCL_v3_multi_turn_long_context.json
multi_turn_long_context_3,2,BFCL_v3_multi_turn_long_context.json
multi_turn_long_context_19,3,BFCL_v3_multi_turn_long_context.json
multi_turn_long_context_13,2,BFCL_v3_multi_turn_long_context.json
multi_turn_long_context_18,3,BFCL_v3_multi_turn_long_context.json
multi_turn_long_context_12,3,BFCL_v3_multi_turn_long_context.json
multi_turn_long_context_7,3,BFCL_v3_multi_turn_long_context.json
multi_turn_long_context_4,3,BFCL_v3_multi_turn_long_context.json
multi_turn_long_context_9,3,BFCL_v3_multi_turn_long_context.json
multi_turn_long_context_16,3,BFCL_v3_multi_turn_long_context.json
multi_turn_long_context_14,4,BFCL_v3_multi_turn_long_context.json
multi_turn_long_context_17,3,BFCL_v3_multi_turn_long_context.json
multi_turn_long_context_1,4,BFCL_v3_multi_turn_long_context.json
multi_turn_long_context_8,4,BFCL_v3_multi_turn_long_context.json
multi_turn_long_context_0,4,BFCL_v3_multi_turn_long_context.json
multi_turn_long_context_6,5,BFCL_v3_multi_turn_long_context.json
multi_turn_long_context_2,5,BFCL_v3_multi_turn_long_context.json
multi_turn_long_context_10,5,BFCL_v3_multi_turn_long_context.json
multi_turn_long_context_15,5,BFCL_v3_multi_turn_long_context.json
multi_turn_long_context_5,4,BFCL_v3_multi_turn_long_context.json
multi_turn_long_context_20,2,BFCL_v3_multi_turn_long_context.json
multi_turn_long_context_34,2,BFCL_v3_multi_turn_long_context.json
multi_turn_long_context_31,2,BFCL_v3_multi_turn_long_context.json
multi_turn_long_context_32,2,BFCL_v3_multi_turn_long_context.json
multi_turn_long_context_29,3,BFCL_v3_multi_turn_long_context.json
multi_turn_long_context_38,2,BFCL_v3_multi_turn_long_context.json
multi_turn_long_context_26,3,BFCL_v3_multi_turn_long_context.json
multi_turn_long_context_37,3,BFCL_v3_multi_turn_long_context.json
multi_turn_long_context_30,2,BFCL_v3_multi_turn_long_context.json
multi_turn_long_context_23,3,BFCL_v3_multi_turn_long_context.json
multi_turn_long_context_35,3,BFCL_v3_multi_turn_long_context.json
multi_turn_long_context_36,3,BFCL_v3_multi_turn_long_context.json
multi_turn_long_context_28,3,BFCL_v3_multi_turn_long_context.json
multi_turn_long_context_21,3,BFCL_v3_multi_turn_long_context.json
multi_turn_long_context_27,3,BFCL_v3_multi_turn_long_context.json
multi_turn_long_context_39,4,BFCL_v3_multi_turn_long_context.json
multi_turn_long_context_24,4,BFCL_v3_multi_turn_long_context.json
multi_turn_long_context_22,4,BFCL_v3_multi_turn_long_context.json
multi_turn_long_context_33,5,BFCL_v3_multi_turn_long_context.json
multi_turn_long_context_25,4,BFCL_v3_multi_turn_long_context.json
multi_turn_long_context_46,1,BFCL_v3_multi_turn_long_context.json
multi_turn_long_context_50,1,BFCL_v3_multi_turn_long_context.json
multi_turn_long_context_45,2,BFCL_v3_multi_turn_long_context.json
multi_turn_long_context_41,2,BFCL_v3_multi_turn_long_context.json
multi_turn_long_context_42,3,BFCL_v3_multi_turn_long_context.json
multi_turn_long_context_47,3,BFCL_v3_multi_turn_long_context.json
multi_turn_long_context_44,3,BFCL_v3_multi_turn_long_context.json
multi_turn_long_context_53,4,BFCL_v3_multi_turn_long_context.json
multi_turn_long_context_57,2,BFCL_v3_multi_turn_long_context.json
multi_turn_long_context_48,3,BFCL_v3_multi_turn_long_context.json
multi_turn_long_context_56,3,BFCL_v3_multi_turn_long_context.json
multi_turn_long_context_49,4,BFCL_v3_multi_turn_long_context.json
multi_turn_long_context_43,4,BFCL_v3_multi_turn_long_context.json
multi_turn_long_context_54,3,BFCL_v3_multi_turn_long_context.json
multi_turn_long_context_52,4,BFCL_v3_multi_turn_long_context.json
multi_turn_long_context_58,4,BFCL_v3_multi_turn_long_context.json
multi_turn_long_context_40,4,BFCL_v3_multi_turn_long_context.json
multi_turn_long_context_51,4,BFCL_v3_multi_turn_long_context.json
multi_turn_long_context_59,5,BFCL_v3_multi_turn_long_context.json
multi_turn_long_context_55,5,BFCL_v3_multi_turn_long_context.json
multi_turn_long_context_74,2,BFCL_v3_multi_turn_long_context.json
multi_turn_long_context_64,2,BFCL_v3_multi_turn_long_context.json
multi_turn_long_context_69,2,BFCL_v3_multi_turn_long_context.json
multi_turn_long_context_70,2,BFCL_v3_multi_turn_long_context.json
multi_turn_long_context_76,2,BFCL_v3_multi_turn_long_context.json
multi_turn_long_context_77,3,BFCL_v3_multi_turn_long_context.json
multi_turn_long_context_78,2,BFCL_v3_multi_turn_long_context.json
multi_turn_long_context_79,3,BFCL_v3_multi_turn_long_context.json
multi_turn_long_context_67,4,BFCL_v3_multi_turn_long_context.json
multi_turn_long_context_63,3,BFCL_v3_multi_turn_long_context.json
multi_turn_long_context_62,4,BFCL_v3_multi_turn_long_context.json
multi_turn_long_context_73,3,BFCL_v3_multi_turn_long_context.json
multi_turn_long_context_65,2,BFCL_v3_multi_turn_long_context.json
multi_turn_long_context_66,4,BFCL_v3_multi_turn_long_context.json
multi_turn_long_context_61,4,BFCL_v3_multi_turn_long_context.json
multi_turn_long_context_60,5,BFCL_v3_multi_turn_long_context.json
multi_turn_long_context_72,5,BFCL_v3_multi_turn_long_context.json
multi_turn_long_context_71,5,BFCL_v3_multi_turn_long_context.json
multi_turn_long_context_75,4,BFCL_v3_multi_turn_long_context.json
multi_turn_long_context_68,5,BFCL_v3_multi_turn_long_context.json
multi_turn_long_context_85,2,BFCL_v3_multi_turn_long_context.json
multi_turn_long_context_96,2,BFCL_v3_multi_turn_long_context.json
multi_turn_long_context_91,2,BFCL_v3_multi_turn_long_context.json
multi_turn_long_context_83,3,BFCL_v3_multi_turn_long_context.json
multi_turn_long_context_93,3,BFCL_v3_multi_turn_long_context.json
multi_turn_long_context_84,2,BFCL_v3_multi_turn_long_context.json
multi_turn_long_context_98,3,BFCL_v3_multi_turn_long_context.json
multi_turn_long_context_86,3,BFCL_v3_multi_turn_long_context.json
multi_turn_long_context_88,3,BFCL_v3_multi_turn_long_context.json
multi_turn_long_context_89,4,BFCL_v3_multi_turn_long_context.json
multi_turn_long_context_94,3,BFCL_v3_multi_turn_long_context.json
multi_turn_long_context_82,3,BFCL_v3_multi_turn_long_context.json
multi_turn_long_context_81,4,BFCL_v3_multi_turn_long_context.json
multi_turn_long_context_99,4,BFCL_v3_multi_turn_long_context.json
multi_turn_long_context_87,4,BFCL_v3_multi_turn_long_context.json
multi_turn_long_context_90,4,BFCL_v3_multi_turn_long_context.json
multi_turn_long_context_80,5,BFCL_v3_multi_turn_long_context.json
multi_turn_long_context_95,5,BFCL_v3_multi_turn_long_context.json
multi_turn_long_context_92,5,BFCL_v3_multi_turn_long_context.json
multi_turn_long_context_97,6,BFCL_v3_multi_turn_long_context.json
multi_turn_long_context_113,2,BFCL_v3_multi_turn_long_context.json
multi_turn_long_context_105,2,BFCL_v3_multi_turn_long_context.json
multi_turn_long_context_100,2,BFCL_v3_multi_turn_long_context.json
multi_turn_long_context_104,2,BFCL_v3_multi_turn_long_context.json
multi_turn_long_context_115,4,BFCL_v3_multi_turn_long_context.json
multi_turn_long_context_119,4,BFCL_v3_multi_turn_long_context.json
multi_turn_long_context_106,4,BFCL_v3_multi_turn_long_context.json
multi_turn_long_context_101,4,BFCL_v3_multi_turn_long_context.json
multi_turn_long_context_111,4,BFCL_v3_multi_turn_long_context.json
multi_turn_long_context_107,5,BFCL_v3_multi_turn_long_context.json
multi_turn_long_context_108,5,BFCL_v3_multi_turn_long_context.json
multi_turn_long_context_114,5,BFCL_v3_multi_turn_long_context.json
multi_turn_long_context_118,5,BFCL_v3_multi_turn_long_context.json
multi_turn_long_context_112,5,BFCL_v3_multi_turn_long_context.json
multi_turn_long_context_116,6,BFCL_v3_multi_turn_long_context.json
multi_turn_long_context_103,5,BFCL_v3_multi_turn_long_context.json
multi_turn_long_context_117,6,BFCL_v3_multi_turn_long_context.json
multi_turn_long_context_110,6,BFCL_v3_multi_turn_long_context.json
multi_turn_long_context_109,7,BFCL_v3_multi_turn_long_context.json
multi_turn_long_context_102,6,BFCL_v3_multi_turn_long_context.json
multi_turn_long_context_139,2,BFCL_v3_multi_turn_long_context.json
multi_turn_long_context_133,2,BFCL_v3_multi_turn_long_context.json
multi_turn_long_context_132,3,BFCL_v3_multi_turn_long_context.json
multi_turn_long_context_120,4,BFCL_v3_multi_turn_long_context.json
multi_turn_long_context_136,4,BFCL_v3_multi_turn_long_context.json
multi_turn_long_context_128,4,BFCL_v3_multi_turn_long_context.json
multi_turn_long_context_121,4,BFCL_v3_multi_turn_long_context.json
multi_turn_long_context_126,4,BFCL_v3_multi_turn_long_context.json
multi_turn_long_context_123,4,BFCL_v3_multi_turn_long_context.json
multi_turn_long_context_134,3,BFCL_v3_multi_turn_long_context.json
multi_turn_long_context_127,4,BFCL_v3_multi_turn_long_context.json
multi_turn_long_context_135,4,BFCL_v3_multi_turn_long_context.json
multi_turn_long_context_137,4,BFCL_v3_multi_turn_long_context.json
multi_turn_long_context_122,5,BFCL_v3_multi_turn_long_context.json
multi_turn_long_context_129,5,BFCL_v3_multi_turn_long_context.json
multi_turn_long_context_124,4,BFCL_v3_multi_turn_long_context.json
multi_turn_long_context_125,5,BFCL_v3_multi_turn_long_context.json
multi_turn_long_context_138,5,BFCL_v3_multi_turn_long_context.json
multi_turn_long_context_130,6,BFCL_v3_multi_turn_long_context.json
multi_turn_long_context_131,7,BFCL_v3_multi_turn_long_context.json
multi_turn_long_context_155,2,BFCL_v3_multi_turn_long_context.json
multi_turn_long_context_147,2,BFCL_v3_multi_turn_long_context.json
multi_turn_long_context_150,2,BFCL_v3_multi_turn_long_context.json
multi_turn_long_context_144,3,BFCL_v3_multi_turn_long_context.json
multi_turn_long_context_152,3,BFCL_v3_multi_turn_long_context.json
multi_turn_long_context_146,4,BFCL_v3_multi_turn_long_context.json
multi_turn_long_context_158,3,BFCL_v3_multi_turn_long_context.json
multi_turn_long_context_157,3,BFCL_v3_multi_turn_long_context.json
multi_turn_long_context_159,3,BFCL_v3_multi_turn_long_context.json
multi_turn_long_context_140,4,BFCL_v3_multi_turn_long_context.json
multi_turn_long_context_151,3,BFCL_v3_multi_turn_long_context.json
multi_turn_long_context_142,5,BFCL_v3_multi_turn_long_context.json
multi_turn_long_context_154,5,BFCL_v3_multi_turn_long_context.json
multi_turn_long_context_143,4,BFCL_v3_multi_turn_long_context.json
multi_turn_long_context_156,5,BFCL_v3_multi_turn_long_context.json
multi_turn_long_context_145,5,BFCL_v3_multi_turn_long_context.json
multi_turn_long_context_148,5,BFCL_v3_multi_turn_long_context.json
multi_turn_long_context_141,5,BFCL_v3_multi_turn_long_context.json
multi_turn_long_context_149,5,BFCL_v3_multi_turn_long_context.json
multi_turn_long_context_153,5,BFCL_v3_multi_turn_long_context.json
multi_turn_long_context_163,2,BFCL_v3_multi_turn_long_context.json
multi_turn_long_context_176,2,BFCL_v3_multi_turn_long_context.json
multi_turn_long_context_175,2,BFCL_v3_multi_turn_long_context.json
multi_turn_long_context_177,2,BFCL_v3_multi_turn_long_context.json
multi_turn_long_context_161,3,BFCL_v3_multi_turn_long_context.json
multi_turn_long_context_169,2,BFCL_v3_multi_turn_long_context.json
multi_turn_long_context_171,3,BFCL_v3_multi_turn_long_context.json
multi_turn_long_context_160,3,BFCL_v3_multi_turn_long_context.json
multi_turn_long_context_172,4,BFCL_v3_multi_turn_long_context.json
multi_turn_long_context_174,5,BFCL_v3_multi_turn_long_context.json
multi_turn_long_context_164,4,BFCL_v3_multi_turn_long_context.json
multi_turn_long_context_165,5,BFCL_v3_multi_turn_long_context.json
multi_turn_long_context_179,4,BFCL_v3_multi_turn_long_context.json
multi_turn_long_context_162,6,BFCL_v3_multi_turn_long_context.json
multi_turn_long_context_167,5,BFCL_v3_multi_turn_long_context.json
multi_turn_long_context_166,5,BFCL_v3_multi_turn_long_context.json
multi_turn_long_context_178,5,BFCL_v3_multi_turn_long_context.json
multi_turn_long_context_168,5,BFCL_v3_multi_turn_long_context.json
multi_turn_long_context_173,4,BFCL_v3_multi_turn_long_context.json
multi_turn_long_context_170,6,BFCL_v3_multi_turn_long_context.json
multi_turn_long_context_198,1,BFCL_v3_multi_turn_long_context.json
multi_turn_long_context_182,2,BFCL_v3_multi_turn_long_context.json
multi_turn_long_context_185,3,BFCL_v3_multi_turn_long_context.json
multi_turn_long_context_197,3,BFCL_v3_multi_turn_long_context.json
multi_turn_long_context_189,3,BFCL_v3_multi_turn_long_context.json
multi_turn_long_context_193,4,BFCL_v3_multi_turn_long_context.json
multi_turn_long_context_195,4,BFCL_v3_multi_turn_long_context.json
multi_turn_long_context_199,5,BFCL_v3_multi_turn_long_context.json
multi_turn_long_context_181,5,BFCL_v3_multi_turn_long_context.json
multi_turn_long_context_191,5,BFCL_v3_multi_turn_long_context.json
multi_turn_long_context_184,6,BFCL_v3_multi_turn_long_context.json
multi_turn_long_context_192,5,BFCL_v3_multi_turn_long_context.json
multi_turn_long_context_194,6,BFCL_v3_multi_turn_long_context.json
multi_turn_long_context_180,6,BFCL_v3_multi_turn_long_context.json
multi_turn_long_context_190,5,BFCL_v3_multi_turn_long_context.json
multi_turn_long_context_196,5,BFCL_v3_multi_turn_long_context.json
multi_turn_long_context_183,6,BFCL_v3_multi_turn_long_context.json
multi_turn_long_context_187,4,BFCL_v3_multi_turn_long_context.json
multi_turn_long_context_188,6,BFCL_v3_multi_turn_long_context.json
multi_turn_long_context_186,6,BFCL_v3_multi_turn_long_context.json
multi_turn_miss_func_11,3,BFCL_v3_multi_turn_miss_func.json
multi_turn_miss_func_9,4,BFCL_v3_multi_turn_miss_func.json
multi_turn_miss_func_3,3,BFCL_v3_multi_turn_miss_func.json
multi_turn_miss_func_13,3,BFCL_v3_multi_turn_miss_func.json
multi_turn_miss_func_18,4,BFCL_v3_multi_turn_miss_func.json
multi_turn_miss_func_16,4,BFCL_v3_multi_turn_miss_func.json
multi_turn_miss_func_12,4,BFCL_v3_multi_turn_miss_func.json
multi_turn_miss_func_4,4,BFCL_v3_multi_turn_miss_func.json
multi_turn_miss_func_19,4,BFCL_v3_multi_turn_miss_func.json
multi_turn_miss_func_7,4,BFCL_v3_multi_turn_miss_func.json
multi_turn_miss_func_17,4,BFCL_v3_multi_turn_miss_func.json
multi_turn_miss_func_8,5,BFCL_v3_multi_turn_miss_func.json
multi_turn_miss_func_0,5,BFCL_v3_multi_turn_miss_func.json
multi_turn_miss_func_5,5,BFCL_v3_multi_turn_miss_func.json
multi_turn_miss_func_14,5,BFCL_v3_multi_turn_miss_func.json
multi_turn_miss_func_1,5,BFCL_v3_multi_turn_miss_func.json
multi_turn_miss_func_6,6,BFCL_v3_multi_turn_miss_func.json
multi_turn_miss_func_10,6,BFCL_v3_multi_turn_miss_func.json
multi_turn_miss_func_15,6,BFCL_v3_multi_turn_miss_func.json
multi_turn_miss_func_2,6,BFCL_v3_multi_turn_miss_func.json
multi_turn_miss_func_34,3,BFCL_v3_multi_turn_miss_func.json
multi_turn_miss_func_31,3,BFCL_v3_multi_turn_miss_func.json
multi_turn_miss_func_20,3,BFCL_v3_multi_turn_miss_func.json
multi_turn_miss_func_38,3,BFCL_v3_multi_turn_miss_func.json
multi_turn_miss_func_29,4,BFCL_v3_multi_turn_miss_func.json
multi_turn_miss_func_26,4,BFCL_v3_multi_turn_miss_func.json
multi_turn_miss_func_36,4,BFCL_v3_multi_turn_miss_func.json
multi_turn_miss_func_30,3,BFCL_v3_multi_turn_miss_func.json
multi_turn_miss_func_32,3,BFCL_v3_multi_turn_miss_func.json
multi_turn_miss_func_35,4,BFCL_v3_multi_turn_miss_func.json
multi_turn_miss_func_25,5,BFCL_v3_multi_turn_miss_func.json
multi_turn_miss_func_28,4,BFCL_v3_multi_turn_miss_func.json
multi_turn_miss_func_27,4,BFCL_v3_multi_turn_miss_func.json
multi_turn_miss_func_23,4,BFCL_v3_multi_turn_miss_func.json
multi_turn_miss_func_37,4,BFCL_v3_multi_turn_miss_func.json
multi_turn_miss_func_21,4,BFCL_v3_multi_turn_miss_func.json
multi_turn_miss_func_39,5,BFCL_v3_multi_turn_miss_func.json
multi_turn_miss_func_22,5,BFCL_v3_multi_turn_miss_func.json
multi_turn_miss_func_24,5,BFCL_v3_multi_turn_miss_func.json
multi_turn_miss_func_33,6,BFCL_v3_multi_turn_miss_func.json
multi_turn_miss_func_46,2,BFCL_v3_multi_turn_miss_func.json
multi_turn_miss_func_50,2,BFCL_v3_multi_turn_miss_func.json
multi_turn_miss_func_41,3,BFCL_v3_multi_turn_miss_func.json
multi_turn_miss_func_45,3,BFCL_v3_multi_turn_miss_func.json
multi_turn_miss_func_57,3,BFCL_v3_multi_turn_miss_func.json
multi_turn_miss_func_47,4,BFCL_v3_multi_turn_miss_func.json
multi_turn_miss_func_42,4,BFCL_v3_multi_turn_miss_func.json
multi_turn_miss_func_48,4,BFCL_v3_multi_turn_miss_func.json
multi_turn_miss_func_44,4,BFCL_v3_multi_turn_miss_func.json
multi_turn_miss_func_56,4,BFCL_v3_multi_turn_miss_func.json
multi_turn_miss_func_54,4,BFCL_v3_multi_turn_miss_func.json
multi_turn_miss_func_49,5,BFCL_v3_multi_turn_miss_func.json
multi_turn_miss_func_51,5,BFCL_v3_multi_turn_miss_func.json
multi_turn_miss_func_40,5,BFCL_v3_multi_turn_miss_func.json
multi_turn_miss_func_43,5,BFCL_v3_multi_turn_miss_func.json
multi_turn_miss_func_52,5,BFCL_v3_multi_turn_miss_func.json
multi_turn_miss_func_58,5,BFCL_v3_multi_turn_miss_func.json
multi_turn_miss_func_53,5,BFCL_v3_multi_turn_miss_func.json
multi_turn_miss_func_55,6,BFCL_v3_multi_turn_miss_func.json
multi_turn_miss_func_59,6,BFCL_v3_multi_turn_miss_func.json
multi_turn_miss_func_74,3,BFCL_v3_multi_turn_miss_func.json
multi_turn_miss_func_69,3,BFCL_v3_multi_turn_miss_func.json
multi_turn_miss_func_64,3,BFCL_v3_multi_turn_miss_func.json
multi_turn_miss_func_79,4,BFCL_v3_multi_turn_miss_func.json
multi_turn_miss_func_78,3,BFCL_v3_multi_turn_miss_func.json
multi_turn_miss_func_76,3,BFCL_v3_multi_turn_miss_func.json
multi_turn_miss_func_77,4,BFCL_v3_multi_turn_miss_func.json
multi_turn_miss_func_70,3,BFCL_v3_multi_turn_miss_func.json
multi_turn_miss_func_73,4,BFCL_v3_multi_turn_miss_func.json
multi_turn_miss_func_67,5,BFCL_v3_multi_turn_miss_func.json
multi_turn_miss_func_75,5,BFCL_v3_multi_turn_miss_func.json
multi_turn_miss_func_72,6,BFCL_v3_multi_turn_miss_func.json
multi_turn_miss_func_62,5,BFCL_v3_multi_turn_miss_func.json
multi_turn_miss_func_71,6,BFCL_v3_multi_turn_miss_func.json
multi_turn_miss_func_63,4,BFCL_v3_multi_turn_miss_func.json
multi_turn_miss_func_61,5,BFCL_v3_multi_turn_miss_func.json
multi_turn_miss_func_66,5,BFCL_v3_multi_turn_miss_func.json
multi_turn_miss_func_65,3,BFCL_v3_multi_turn_miss_func.json
multi_turn_miss_func_60,6,BFCL_v3_multi_turn_miss_func.json
multi_turn_miss_func_68,6,BFCL_v3_multi_turn_miss_func.json
multi_turn_miss_func_85,3,BFCL_v3_multi_turn_miss_func.json
multi_turn_miss_func_84,3,BFCL_v3_multi_turn_miss_func.json
multi_turn_miss_func_91,3,BFCL_v3_multi_turn_miss_func.json
multi_turn_miss_func_82,4,BFCL_v3_multi_turn_miss_func.json
multi_turn_miss_func_93,4,BFCL_v3_multi_turn_miss_func.json
multi_turn_miss_func_86,4,BFCL_v3_multi_turn_miss_func.json
multi_turn_miss_func_94,4,BFCL_v3_multi_turn_miss_func.json
multi_turn_miss_func_96,3,BFCL_v3_multi_turn_miss_func.json
multi_turn_miss_func_83,4,BFCL_v3_multi_turn_miss_func.json
multi_turn_miss_func_89,5,BFCL_v3_multi_turn_miss_func.json
multi_turn_miss_func_99,5,BFCL_v3_multi_turn_miss_func.json
multi_turn_miss_func_90,5,BFCL_v3_multi_turn_miss_func.json
multi_turn_miss_func_95,6,BFCL_v3_multi_turn_miss_func.json
multi_turn_miss_func_98,4,BFCL_v3_multi_turn_miss_func.json
multi_turn_miss_func_81,5,BFCL_v3_multi_turn_miss_func.json
multi_turn_miss_func_92,6,BFCL_v3_multi_turn_miss_func.json
multi_turn_miss_func_87,5,BFCL_v3_multi_turn_miss_func.json
multi_turn_miss_func_88,4,BFCL_v3_multi_turn_miss_func.json
multi_turn_miss_func_80,6,BFCL_v3_multi_turn_miss_func.json
multi_turn_miss_func_97,7,BFCL_v3_multi_turn_miss_func.json
multi_turn_miss_func_113,3,BFCL_v3_multi_turn_miss_func.json
multi_turn_miss_func_100,3,BFCL_v3_multi_turn_miss_func.json
multi_turn_miss_func_105,3,BFCL_v3_multi_turn_miss_func.json
multi_turn_miss_func_104,3,BFCL_v3_multi_turn_miss_func.json
multi_turn_miss_func_115,5,BFCL_v3_multi_turn_miss_func.json
multi_turn_miss_func_101,5,BFCL_v3_multi_turn_miss_func.json
multi_turn_miss_func_114,6,BFCL_v3_multi_turn_miss_func.json
multi_turn_miss_func_119,5,BFCL_v3_multi_turn_miss_func.json
multi_turn_miss_func_106,5,BFCL_v3_multi_turn_miss_func.json
multi_turn_miss_func_111,5,BFCL_v3_multi_turn_miss_func.json
multi_turn_miss_func_116,7,BFCL_v3_multi_turn_miss_func.json
multi_turn_miss_func_118,6,BFCL_v3_multi_turn_miss_func.json
multi_turn_miss_func_102,7,BFCL_v3_multi_turn_miss_func.json
multi_turn_miss_func_103,6,BFCL_v3_multi_turn_miss_func.json
multi_turn_miss_func_117,7,BFCL_v3_multi_turn_miss_func.json
multi_turn_miss_func_107,6,BFCL_v3_multi_turn_miss_func.json
multi_turn_miss_func_108,6,BFCL_v3_multi_turn_miss_func.json
multi_turn_miss_func_112,6,BFCL_v3_multi_turn_miss_func.json
multi_turn_miss_func_110,7,BFCL_v3_multi_turn_miss_func.json
multi_turn_miss_func_109,8,BFCL_v3_multi_turn_miss_func.json
multi_turn_miss_func_133,3,BFCL_v3_multi_turn_miss_func.json
multi_turn_miss_func_139,3,BFCL_v3_multi_turn_miss_func.json
multi_turn_miss_func_132,4,BFCL_v3_multi_turn_miss_func.json
multi_turn_miss_func_123,5,BFCL_v3_multi_turn_miss_func.json
multi_turn_miss_func_121,5,BFCL_v3_multi_turn_miss_func.json
multi_turn_miss_func_134,4,BFCL_v3_multi_turn_miss_func.json
multi_turn_miss_func_127,5,BFCL_v3_multi_turn_miss_func.json
multi_turn_miss_func_135,5,BFCL_v3_multi_turn_miss_func.json
multi_turn_miss_func_136,5,BFCL_v3_multi_turn_miss_func.json
multi_turn_miss_func_120,5,BFCL_v3_multi_turn_miss_func.json
multi_turn_miss_func_128,5,BFCL_v3_multi_turn_miss_func.json
multi_turn_miss_func_125,6,BFCL_v3_multi_turn_miss_func.json
multi_turn_miss_func_122,6,BFCL_v3_multi_turn_miss_func.json
multi_turn_miss_func_126,5,BFCL_v3_multi_turn_miss_func.json
multi_turn_miss_func_137,5,BFCL_v3_multi_turn_miss_func.json
multi_turn_miss_func_138,6,BFCL_v3_multi_turn_miss_func.json
multi_turn_miss_func_124,5,BFCL_v3_multi_turn_miss_func.json
multi_turn_miss_func_130,7,BFCL_v3_multi_turn_miss_func.json
multi_turn_miss_func_129,6,BFCL_v3_multi_turn_miss_func.json
multi_turn_miss_func_131,8,BFCL_v3_multi_turn_miss_func.json
multi_turn_miss_func_155,3,BFCL_v3_multi_turn_miss_func.json
multi_turn_miss_func_150,3,BFCL_v3_multi_turn_miss_func.json
multi_turn_miss_func_157,4,BFCL_v3_multi_turn_miss_func.json
multi_turn_miss_func_144,4,BFCL_v3_multi_turn_miss_func.json
multi_turn_miss_func_147,3,BFCL_v3_multi_turn_miss_func.json
multi_turn_miss_func_152,4,BFCL_v3_multi_turn_miss_func.json
multi_turn_miss_func_146,5,BFCL_v3_multi_turn_miss_func.json
multi_turn_miss_func_151,4,BFCL_v3_multi_turn_miss_func.json
multi_turn_miss_func_158,4,BFCL_v3_multi_turn_miss_func.json
multi_turn_miss_func_140,5,BFCL_v3_multi_turn_miss_func.json
multi_turn_miss_func_159,4,BFCL_v3_multi_turn_miss_func.json
multi_turn_miss_func_142,6,BFCL_v3_multi_turn_miss_func.json
multi_turn_miss_func_145,6,BFCL_v3_multi_turn_miss_func.json
multi_turn_miss_func_149,6,BFCL_v3_multi_turn_miss_func.json
multi_turn_miss_func_143,5,BFCL_v3_multi_turn_miss_func.json
multi_turn_miss_func_148,6,BFCL_v3_multi_turn_miss_func.json
multi_turn_miss_func_156,6,BFCL_v3_multi_turn_miss_func.json
multi_turn_miss_func_153,6,BFCL_v3_multi_turn_miss_func.json
multi_turn_miss_func_141,6,BFCL_v3_multi_turn_miss_func.json
multi_turn_miss_func_154,6,BFCL_v3_multi_turn_miss_func.json
multi_turn_miss_func_163,3,BFCL_v3_multi_turn_miss_func.json
multi_turn_miss_func_177,3,BFCL_v3_multi_turn_miss_func.json
multi_turn_miss_func_169,3,BFCL_v3_multi_turn_miss_func.json
multi_turn_miss_func_176,3,BFCL_v3_multi_turn_miss_func.json
multi_turn_miss_func_160,4,BFCL_v3_multi_turn_miss_func.json
multi_turn_miss_func_175,3,BFCL_v3_multi_turn_miss_func.json
multi_turn_miss_func_173,5,BFCL_v3_multi_turn_miss_func.json
multi_turn_miss_func_179,5,BFCL_v3_multi_turn_miss_func.json
multi_turn_miss_func_164,5,BFCL_v3_multi_turn_miss_func.json
multi_turn_miss_func_166,6,BFCL_v3_multi_turn_miss_func.json
multi_turn_miss_func_167,6,BFCL_v3_multi_turn_miss_func.json
multi_turn_miss_func_161,4,BFCL_v3_multi_turn_miss_func.json
multi_turn_miss_func_178,6,BFCL_v3_multi_turn_miss_func.json
multi_turn_miss_func_174,6,BFCL_v3_multi_turn_miss_func.json
multi_turn_miss_func_165,6,BFCL_v3_multi_turn_miss_func.json
multi_turn_miss_func_171,4,BFCL_v3_multi_turn_miss_func.json
multi_turn_miss_func_172,5,BFCL_v3_multi_turn_miss_func.json
multi_turn_miss_func_162,7,BFCL_v3_multi_turn_miss_func.json
multi_turn_miss_func_168,6,BFCL_v3_multi_turn_miss_func.json
multi_turn_miss_func_170,7,BFCL_v3_multi_turn_miss_func.json
multi_turn_miss_func_182,3,BFCL_v3_multi_turn_miss_func.json
multi_turn_miss_func_198,2,BFCL_v3_multi_turn_miss_func.json
multi_turn_miss_func_197,4,BFCL_v3_multi_turn_miss_func.json
multi_turn_miss_func_195,5,BFCL_v3_multi_turn_miss_func.json
multi_turn_miss_func_185,4,BFCL_v3_multi_turn_miss_func.json
multi_turn_miss_func_189,4,BFCL_v3_multi_turn_miss_func.json
multi_turn_miss_func_187,5,BFCL_v3_multi_turn_miss_func.json
multi_turn_miss_func_193,5,BFCL_v3_multi_turn_miss_func.json
multi_turn_miss_func_181,6,BFCL_v3_multi_turn_miss_func.json
multi_turn_miss_func_191,6,BFCL_v3_multi_turn_miss_func.json
multi_turn_miss_func_192,6,BFCL_v3_multi_turn_miss_func.json
multi_turn_miss_func_199,6,BFCL_v3_multi_turn_miss_func.json
multi_turn_miss_func_183,7,BFCL_v3_multi_turn_miss_func.json
multi_turn_miss_func_194,7,BFCL_v3_multi_turn_miss_func.json
multi_turn_miss_func_186,7,BFCL_v3_multi_turn_miss_func.json
multi_turn_miss_func_184,7,BFCL_v3_multi_turn_miss_func.json
multi_turn_miss_func_180,7,BFCL_v3_multi_turn_miss_func.json
multi_turn_miss_func_190,6,BFCL_v3_multi_turn_miss_func.json
multi_turn_miss_func_196,6,BFCL_v3_multi_turn_miss_func.json
multi_turn_miss_func_188,7,BFCL_v3_multi_turn_miss_func.json
multi_turn_miss_param_19,4,BFCL_v3_multi_turn_miss_param.json
multi_turn_miss_param_17,4,BFCL_v3_multi_turn_miss_param.json
multi_turn_miss_param_4,4,BFCL_v3_multi_turn_miss_param.json
multi_turn_miss_param_9,4,BFCL_v3_multi_turn_miss_param.json
multi_turn_miss_param_13,3,BFCL_v3_multi_turn_miss_param.json
multi_turn_miss_param_12,4,BFCL_v3_multi_turn_miss_param.json
multi_turn_miss_param_11,3,BFCL_v3_multi_turn_miss_param.json
multi_turn_miss_param_1,5,BFCL_v3_multi_turn_miss_param.json
multi_turn_miss_param_16,4,BFCL_v3_multi_turn_miss_param.json
multi_turn_miss_param_7,4,BFCL_v3_multi_turn_miss_param.json
multi_turn_miss_param_14,5,BFCL_v3_multi_turn_miss_param.json
multi_turn_miss_param_5,5,BFCL_v3_multi_turn_miss_param.json
multi_turn_miss_param_0,5,BFCL_v3_multi_turn_miss_param.json
multi_turn_miss_param_3,3,BFCL_v3_multi_turn_miss_param.json
multi_turn_miss_param_10,6,BFCL_v3_multi_turn_miss_param.json
multi_turn_miss_param_18,4,BFCL_v3_multi_turn_miss_param.json
multi_turn_miss_param_8,5,BFCL_v3_multi_turn_miss_param.json
multi_turn_miss_param_6,6,BFCL_v3_multi_turn_miss_param.json
multi_turn_miss_param_2,6,BFCL_v3_multi_turn_miss_param.json
multi_turn_miss_param_15,6,BFCL_v3_multi_turn_miss_param.json
multi_turn_miss_param_34,3,BFCL_v3_multi_turn_miss_param.json
multi_turn_miss_param_20,3,BFCL_v3_multi_turn_miss_param.json
multi_turn_miss_param_29,4,BFCL_v3_multi_turn_miss_param.json
multi_turn_miss_param_38,3,BFCL_v3_multi_turn_miss_param.json
multi_turn_miss_param_36,4,BFCL_v3_multi_turn_miss_param.json
multi_turn_miss_param_30,3,BFCL_v3_multi_turn_miss_param.json
multi_turn_miss_param_32,3,BFCL_v3_multi_turn_miss_param.json
multi_turn_miss_param_37,4,BFCL_v3_multi_turn_miss_param.json
multi_turn_miss_param_31,3,BFCL_v3_multi_turn_miss_param.json
multi_turn_miss_param_28,4,BFCL_v3_multi_turn_miss_param.json
multi_turn_miss_param_26,4,BFCL_v3_multi_turn_miss_param.json
multi_turn_miss_param_23,4,BFCL_v3_multi_turn_miss_param.json
multi_turn_miss_param_21,4,BFCL_v3_multi_turn_miss_param.json
multi_turn_miss_param_25,5,BFCL_v3_multi_turn_miss_param.json
multi_turn_miss_param_35,4,BFCL_v3_multi_turn_miss_param.json
multi_turn_miss_param_24,5,BFCL_v3_multi_turn_miss_param.json
multi_turn_miss_param_39,5,BFCL_v3_multi_turn_miss_param.json
multi_turn_miss_param_22,5,BFCL_v3_multi_turn_miss_param.json
multi_turn_miss_param_33,6,BFCL_v3_multi_turn_miss_param.json
multi_turn_miss_param_27,4,BFCL_v3_multi_turn_miss_param.json
multi_turn_miss_param_46,2,BFCL_v3_multi_turn_miss_param.json
multi_turn_miss_param_41,3,BFCL_v3_multi_turn_miss_param.json
multi_turn_miss_param_57,3,BFCL_v3_multi_turn_miss_param.json
multi_turn_miss_param_50,2,BFCL_v3_multi_turn_miss_param.json
multi_turn_miss_param_45,3,BFCL_v3_multi_turn_miss_param.json
multi_turn_miss_param_47,4,BFCL_v3_multi_turn_miss_param.json
multi_turn_miss_param_48,4,BFCL_v3_multi_turn_miss_param.json
multi_turn_miss_param_44,4,BFCL_v3_multi_turn_miss_param.json
multi_turn_miss_param_54,4,BFCL_v3_multi_turn_miss_param.json
multi_turn_miss_param_42,4,BFCL_v3_multi_turn_miss_param.json
multi_turn_miss_param_52,5,BFCL_v3_multi_turn_miss_param.json
multi_turn_miss_param_51,5,BFCL_v3_multi_turn_miss_param.json
multi_turn_miss_param_43,5,BFCL_v3_multi_turn_miss_param.json
multi_turn_miss_param_53,5,BFCL_v3_multi_turn_miss_param.json
multi_turn_miss_param_40,5,BFCL_v3_multi_turn_miss_param.json
multi_turn_miss_param_56,4,BFCL_v3_multi_turn_miss_param.json
multi_turn_miss_param_49,5,BFCL_v3_multi_turn_miss_param.json
multi_turn_miss_param_58,5,BFCL_v3_multi_turn_miss_param.json
multi_turn_miss_param_59,6,BFCL_v3_multi_turn_miss_param.json
multi_turn_miss_param_55,6,BFCL_v3_multi_turn_miss_param.json
multi_turn_miss_param_74,3,BFCL_v3_multi_turn_miss_param.json
multi_turn_miss_param_64,3,BFCL_v3_multi_turn_miss_param.json
multi_turn_miss_param_78,3,BFCL_v3_multi_turn_miss_param.json
multi_turn_miss_param_70,3,BFCL_v3_multi_turn_miss_param.json
multi_turn_miss_param_76,3,BFCL_v3_multi_turn_miss_param.json
multi_turn_miss_param_73,4,BFCL_v3_multi_turn_miss_param.json
multi_turn_miss_param_69,3,BFCL_v3_multi_turn_miss_param.json
multi_turn_miss_param_63,4,BFCL_v3_multi_turn_miss_param.json
multi_turn_miss_param_77,4,BFCL_v3_multi_turn_miss_param.json
multi_turn_miss_param_79,4,BFCL_v3_multi_turn_miss_param.json
multi_turn_miss_param_61,5,BFCL_v3_multi_turn_miss_param.json
multi_turn_miss_param_67,5,BFCL_v3_multi_turn_miss_param.json
multi_turn_miss_param_75,5,BFCL_v3_multi_turn_miss_param.json
multi_turn_miss_param_71,6,BFCL_v3_multi_turn_miss_param.json
multi_turn_miss_param_65,3,BFCL_v3_multi_turn_miss_param.json
multi_turn_miss_param_62,5,BFCL_v3_multi_turn_miss_param.json
multi_turn_miss_param_66,5,BFCL_v3_multi_turn_miss_param.json
multi_turn_miss_param_72,6,BFCL_v3_multi_turn_miss_param.json
multi_turn_miss_param_60,6,BFCL_v3_multi_turn_miss_param.json
multi_turn_miss_param_68,6,BFCL_v3_multi_turn_miss_param.json
multi_turn_miss_param_91,3,BFCL_v3_multi_turn_miss_param.json
multi_turn_miss_param_85,3,BFCL_v3_multi_turn_miss_param.json
multi_turn_miss_param_84,3,BFCL_v3_multi_turn_miss_param.json
multi_turn_miss_param_96,3,BFCL_v3_multi_turn_miss_param.json
multi_turn_miss_param_88,4,BFCL_v3_multi_turn_miss_param.json
multi_turn_miss_param_98,4,BFCL_v3_multi_turn_miss_param.json
multi_turn_miss_param_93,4,BFCL_v3_multi_turn_miss_param.json
multi_turn_miss_param_83,4,BFCL_v3_multi_turn_miss_param.json
multi_turn_miss_param_94,4,BFCL_v3_multi_turn_miss_param.json
multi_turn_miss_param_82,4,BFCL_v3_multi_turn_miss_param.json
multi_turn_miss_param_86,4,BFCL_v3_multi_turn_miss_param.json
multi_turn_miss_param_90,5,BFCL_v3_multi_turn_miss_param.json
multi_turn_miss_param_95,6,BFCL_v3_multi_turn_miss_param.json
multi_turn_miss_param_80,6,BFCL_v3_multi_turn_miss_param.json
multi_turn_miss_param_81,5,BFCL_v3_multi_turn_miss_param.json
multi_turn_miss_param_99,5,BFCL_v3_multi_turn_miss_param.json
multi_turn_miss_param_87,5,BFCL_v3_multi_turn_miss_param.json
multi_turn_miss_param_89,5,BFCL_v3_multi_turn_miss_param.json
multi_turn_miss_param_92,6,BFCL_v3_multi_turn_miss_param.json
multi_turn_miss_param_97,7,BFCL_v3_multi_turn_miss_param.json
multi_turn_miss_param_105,3,BFCL_v3_multi_turn_miss_param.json
multi_turn_miss_param_100,3,BFCL_v3_multi_turn_miss_param.json
multi_turn_miss_param_104,3,BFCL_v3_multi_turn_miss_param.json
multi_turn_miss_param_113,3,BFCL_v3_multi_turn_miss_param.json
multi_turn_miss_param_119,5,BFCL_v3_multi_turn_miss_param.json
multi_turn_miss_param_101,5,BFCL_v3_multi_turn_miss_param.json
multi_turn_miss_param_115,5,BFCL_v3_multi_turn_miss_param.json
multi_turn_miss_param_111,5,BFCL_v3_multi_turn_miss_param.json
multi_turn_miss_param_118,6,BFCL_v3_multi_turn_miss_param.json
multi_turn_miss_param_106,5,BFCL_v3_multi_turn_miss_param.json
multi_turn_miss_param_114,6,BFCL_v3_multi_turn_miss_param.json
multi_turn_miss_param_103,6,BFCL_v3_multi_turn_miss_param.json
multi_turn_miss_param_116,7,BFCL_v3_multi_turn_miss_param.json
multi_turn_miss_param_107,6,BFCL_v3_multi_turn_miss_param.json
multi_turn_miss_param_112,6,BFCL_v3_multi_turn_miss_param.json
multi_turn_miss_param_102,7,BFCL_v3_multi_turn_miss_param.json
multi_turn_miss_param_117,7,BFCL_v3_multi_turn_miss_param.json
multi_turn_miss_param_108,6,BFCL_v3_multi_turn_miss_param.json
multi_turn_miss_param_109,8,BFCL_v3_multi_turn_miss_param.json
multi_turn_miss_param_110,7,BFCL_v3_multi_turn_miss_param.json
multi_turn_miss_param_133,3,BFCL_v3_multi_turn_miss_param.json
multi_turn_miss_param_139,3,BFCL_v3_multi_turn_miss_param.json
multi_turn_miss_param_132,4,BFCL_v3_multi_turn_miss_param.json
multi_turn_miss_param_123,5,BFCL_v3_multi_turn_miss_param.json
multi_turn_miss_param_127,5,BFCL_v3_multi_turn_miss_param.json
multi_turn_miss_param_120,5,BFCL_v3_multi_turn_miss_param.json
multi_turn_miss_param_134,4,BFCL_v3_multi_turn_miss_param.json
multi_turn_miss_param_121,5,BFCL_v3_multi_turn_miss_param.json
multi_turn_miss_param_136,5,BFCL_v3_multi_turn_miss_param.json
multi_turn_miss_param_137,5,BFCL_v3_multi_turn_miss_param.json
multi_turn_miss_param_128,5,BFCL_v3_multi_turn_miss_param.json
multi_turn_miss_param_138,6,BFCL_v3_multi_turn_miss_param.json
multi_turn_miss_param_126,5,BFCL_v3_multi_turn_miss_param.json
multi_turn_miss_param_124,5,BFCL_v3_multi_turn_miss_param.json
multi_turn_miss_param_122,6,BFCL_v3_multi_turn_miss_param.json
multi_turn_miss_param_130,7,BFCL_v3_multi_turn_miss_param.json
multi_turn_miss_param_125,6,BFCL_v3_multi_turn_miss_param.json
multi_turn_miss_param_131,8,BFCL_v3_multi_turn_miss_param.json
multi_turn_miss_param_129,6,BFCL_v3_multi_turn_miss_param.json
multi_turn_miss_param_135,5,BFCL_v3_multi_turn_miss_param.json
multi_turn_miss_param_150,3,BFCL_v3_multi_turn_miss_param.json
multi_turn_miss_param_157,4,BFCL_v3_multi_turn_miss_param.json
multi_turn_miss_param_144,4,BFCL_v3_multi_turn_miss_param.json
multi_turn_miss_param_155,3,BFCL_v3_multi_turn_miss_param.json
multi_turn_miss_param_147,3,BFCL_v3_multi_turn_miss_param.json
multi_turn_miss_param_146,5,BFCL_v3_multi_turn_miss_param.json
multi_turn_miss_param_151,4,BFCL_v3_multi_turn_miss_param.json
multi_turn_miss_param_140,5,BFCL_v3_multi_turn_miss_param.json
multi_turn_miss_param_142,6,BFCL_v3_multi_turn_miss_param.json
multi_turn_miss_param_143,5,BFCL_v3_multi_turn_miss_param.json
multi_turn_miss_param_152,4,BFCL_v3_multi_turn_miss_param.json
multi_turn_miss_param_148,6,BFCL_v3_multi_turn_miss_param.json
multi_turn_miss_param_145,6,BFCL_v3_multi_turn_miss_param.json
multi_turn_miss_param_158,4,BFCL_v3_multi_turn_miss_param.json
multi_turn_miss_param_149,6,BFCL_v3_multi_turn_miss_param.json
multi_turn_miss_param_154,6,BFCL_v3_multi_turn_miss_param.json
multi_turn_miss_param_141,6,BFCL_v3_multi_turn_miss_param.json
multi_turn_miss_param_153,6,BFCL_v3_multi_turn_miss_param.json
multi_turn_miss_param_156,6,BFCL_v3_multi_turn_miss_param.json
multi_turn_miss_param_159,4,BFCL_v3_multi_turn_miss_param.json
multi_turn_miss_param_163,3,BFCL_v3_multi_turn_miss_param.json
multi_turn_miss_param_169,3,BFCL_v3_multi_turn_miss_param.json
multi_turn_miss_param_177,3,BFCL_v3_multi_turn_miss_param.json
multi_turn_miss_param_175,3,BFCL_v3_multi_turn_miss_param.json
multi_turn_miss_param_176,3,BFCL_v3_multi_turn_miss_param.json
multi_turn_miss_param_161,4,BFCL_v3_multi_turn_miss_param.json
multi_turn_miss_param_173,5,BFCL_v3_multi_turn_miss_param.json
multi_turn_miss_param_160,4,BFCL_v3_multi_turn_miss_param.json
multi_turn_miss_param_171,4,BFCL_v3_multi_turn_miss_param.json
multi_turn_miss_param_179,5,BFCL_v3_multi_turn_miss_param.json
multi_turn_miss_param_172,5,BFCL_v3_multi_turn_miss_param.json
multi_turn_miss_param_165,6,BFCL_v3_multi_turn_miss_param.json
multi_turn_miss_param_178,6,BFCL_v3_multi_turn_miss_param.json
multi_turn_miss_param_166,6,BFCL_v3_multi_turn_miss_param.json
multi_turn_miss_param_164,5,BFCL_v3_multi_turn_miss_param.json
multi_turn_miss_param_168,6,BFCL_v3_multi_turn_miss_param.json
multi_turn_miss_param_167,6,BFCL_v3_multi_turn_miss_param.json
multi_turn_miss_param_174,6,BFCL_v3_multi_turn_miss_param.json
multi_turn_miss_param_162,7,BFCL_v3_multi_turn_miss_param.json
multi_turn_miss_param_170,7,BFCL_v3_multi_turn_miss_param.json
multi_turn_miss_param_198,2,BFCL_v3_multi_turn_miss_param.json
multi_turn_miss_param_182,3,BFCL_v3_multi_turn_miss_param.json
multi_turn_miss_param_189,4,BFCL_v3_multi_turn_miss_param.json
multi_turn_miss_param_185,4,BFCL_v3_multi_turn_miss_param.json
multi_turn_miss_param_187,5,BFCL_v3_multi_turn_miss_param.json
multi_turn_miss_param_197,4,BFCL_v3_multi_turn_miss_param.json
multi_turn_miss_param_193,5,BFCL_v3_multi_turn_miss_param.json
multi_turn_miss_param_181,6,BFCL_v3_multi_turn_miss_param.json
multi_turn_miss_param_194,7,BFCL_v3_multi_turn_miss_param.json
multi_turn_miss_param_199,6,BFCL_v3_multi_turn_miss_param.json
multi_turn_miss_param_180,7,BFCL_v3_multi_turn_miss_param.json
multi_turn_miss_param_195,5,BFCL_v3_multi_turn_miss_param.json
multi_turn_miss_param_191,6,BFCL_v3_multi_turn_miss_param.json
multi_turn_miss_param_196,6,BFCL_v3_multi_turn_miss_param.json
multi_turn_miss_param_192,6,BFCL_v3_multi_turn_miss_param.json
multi_turn_miss_param_184,7,BFCL_v3_multi_turn_miss_param.json
multi_turn_miss_param_188,7,BFCL_v3_multi_turn_miss_param.json
multi_turn_miss_param_190,6,BFCL_v3_multi_turn_miss_param.json
multi_turn_miss_param_183,7,BFCL_v3_multi_turn_miss_param.json
multi_turn_miss_param_186,7,BFCL_v3_multi_turn_miss_param.json
